{
  "test_accuracy": 0.9264230132102966,
  "test_loss": 0.21540860831737518,
  "confusion_matrix": [
    [
      4023,
      34
    ],
    [
      421,
      1706
    ]
  ],
  "classification_report": {
    "BENIGN": {
      "precision": 0.9052655265526552,
      "recall": 0.9916194232191274,
      "f1-score": 0.9464768850723444,
      "support": 4057.0
    },
    "ATTACK": {
      "precision": 0.9804597701149426,
      "recall": 0.8020686412787964,
      "f1-score": 0.882337729506077,
      "support": 2127.0
    },
    "accuracy": 0.9264230271668823,
    "macro avg": {
      "precision": 0.942862648333799,
      "recall": 0.8968440322489619,
      "f1-score": 0.9144073072892107,
      "support": 6184.0
    },
    "weighted avg": {
      "precision": 0.9311287471310811,
      "recall": 0.9264230271668823,
      "f1-score": 0.9244160856076854,
      "support": 6184.0
    }
  },
  "train_size": 24735,
  "test_size": 6184,
  "epochs": 50,
  "batch_size": 64,
  "learning_rate": 0.001,
  "input_features": 30
}