{
  "test_accuracy": 0.681056022644043,
  "test_loss": 0.6937777400016785,
  "confusion_matrix": [
    [
      856,
      547
    ],
    [
      347,
      1053
    ]
  ],
  "classification_report": {
    "BENIGN": {
      "precision": 0.7115544472152951,
      "recall": 0.6101211689237348,
      "f1-score": 0.656945510360706,
      "support": 1403.0
    },
    "ATTACK": {
      "precision": 0.658125,
      "recall": 0.7521428571428571,
      "f1-score": 0.702,
      "support": 1400.0
    },
    "accuracy": 0.6810560114163396,
    "macro avg": {
      "precision": 0.6848397236076476,
      "recall": 0.681132013033296,
      "f1-score": 0.679472755180353,
      "support": 2803.0
    },
    "weighted avg": {
      "precision": 0.6848683158912091,
      "recall": 0.6810560114163396,
      "f1-score": 0.6794486446792973,
      "support": 2803.0
    }
  },
  "train_size": 11205,
  "test_size": 2803,
  "epochs": 100,
  "batch_size": 64,
  "learning_rate": 0.001,
  "input_features": 78
}