{
  "test_metrics": {
    "accuracy": 0.5,
    "precision": 0.49983316649983317,
    "recall": 0.9993328885923949,
    "f1": 0.6663701067615658,
    "optimal_threshold": 0.9944832921028137
  },
  "confusion_matrix": [
    [
      2,
      1499
    ],
    [
      1,
      1498
    ]
  ],
  "classification_report": {
    "0": {
      "precision": 0.6666666666666666,
      "recall": 0.0013324450366422385,
      "f1-score": 0.0026595744680851068,
      "support": 1501.0
    },
    "1": {
      "precision": 0.49983316649983317,
      "recall": 0.9993328885923949,
      "f1-score": 0.6663701067615658,
      "support": 1499.0
    },
    "accuracy": 0.5,
    "macro avg": {
      "precision": 0.5832499165832499,
      "recall": 0.5003326668145186,
      "f1-score": 0.33451484061482545,
      "support": 3000.0
    },
    "weighted avg": {
      "precision": 0.5833055277499722,
      "recall": 0.5,
      "f1-score": 0.33429360377072764,
      "support": 3000.0
    }
  },
  "model_params": 621185,
  "training_epochs": 16,
  "class_weights": {
    "0": 0.999001568963058,
    "1": 1.0010004287551808
  }
}