{
  "train_accuracy": [
    0.8097462207078934,
    0.8242025077342987,
    0.8276282101869583,
    0.8449147045612335,
    0.8456377536058426,
    0.8557261526584625,
    0.886517122387886,
    0.8868875950574875,
    0.888212651014328,
    0.9041649252176285
  ],
  "test_accuracy": [
    0.4322736170142889,
    0.4554184041917324,
    0.4322736170142889,
    0.43498743511736393,
    0.4331399407237768,
    0.5820871340110898,
    0.5701274157036096,
    0.5935950465500355,
    0.5744902673177421,
    0.584266122430563
  ],
  "aggregation_log": [
    {
      "round": 1,
      "total_clients": 4,
      "selected_clients": [
        0,
        2
      ],
      "krum_scores": [
        [
          "3185b25a1ac84b22b4be7ef8aee4e4b0",
          2302.0714893948752
        ],
        [
          "cf0b17dfcb0742259e13878612f0e646",
          2609.5375743594486
        ],
        [
          "0864c3a03d124300908a3efffaf2835f",
          2819.3032727802783
        ],
        [
          "27ff295b50c54a6698746d1ca178f0dd",
          3015.606494842461
        ]
      ],
      "aggregation_method": "Multi-Krum"
    },
    {
      "round": 2,
      "total_clients": 4,
      "selected_clients": [
        2,
        0
      ],
      "krum_scores": [
        [
          "cf0b17dfcb0742259e13878612f0e646",
          299.64251818037155
        ],
        [
          "27ff295b50c54a6698746d1ca178f0dd",
          431.97198056747584
        ],
        [
          "3185b25a1ac84b22b4be7ef8aee4e4b0",
          583.9952189435456
        ],
        [
          "0864c3a03d124300908a3efffaf2835f",
          1179.1664895503027
        ]
      ],
      "aggregation_method": "Multi-Krum"
    },
    {
      "round": 3,
      "total_clients": 4,
      "selected_clients": [
        2,
        3
      ],
      "krum_scores": [
        [
          "27ff295b50c54a6698746d1ca178f0dd",
          231.00569770382754
        ],
        [
          "cf0b17dfcb0742259e13878612f0e646",
          294.1992944067533
        ],
        [
          "3185b25a1ac84b22b4be7ef8aee4e4b0",
          402.9046924071159
        ],
        [
          "0864c3a03d124300908a3efffaf2835f",
          784.7765159988152
        ]
      ],
      "aggregation_method": "Multi-Krum"
    },
    {
      "round": 4,
      "total_clients": 4,
      "selected_clients": [
        2,
        0
      ],
      "krum_scores": [
        [
          "cf0b17dfcb0742259e13878612f0e646",
          187.38078163807842
        ],
        [
          "27ff295b50c54a6698746d1ca178f0dd",
          215.73298873863678
        ],
        [
          "3185b25a1ac84b22b4be7ef8aee4e4b0",
          314.48972171566254
        ],
        [
          "0864c3a03d124300908a3efffaf2835f",
          605.4101797415345
        ]
      ],
      "aggregation_method": "Multi-Krum"
    },
    {
      "round": 5,
      "total_clients": 4,
      "selected_clients": [
        0,
        2
      ],
      "krum_scores": [
        [
          "27ff295b50c54a6698746d1ca178f0dd",
          219.66372067423654
        ],
        [
          "cf0b17dfcb0742259e13878612f0e646",
          280.75825943213715
        ],
        [
          "3185b25a1ac84b22b4be7ef8aee4e4b0",
          373.3101574490953
        ],
        [
          "0864c3a03d124300908a3efffaf2835f",
          641.3287077145354
        ]
      ],
      "aggregation_method": "Multi-Krum"
    },
    {
      "round": 6,
      "total_clients": 4,
      "selected_clients": [
        0,
        2
      ],
      "krum_scores": [
        [
          "27ff295b50c54a6698746d1ca178f0dd",
          161.55542121600956
        ],
        [
          "3185b25a1ac84b22b4be7ef8aee4e4b0",
          260.458279001174
        ],
        [
          "cf0b17dfcb0742259e13878612f0e646",
          292.1981606500136
        ],
        [
          "0864c3a03d124300908a3efffaf2835f",
          478.2400530849039
        ]
      ],
      "aggregation_method": "Multi-Krum"
    },
    {
      "round": 7,
      "total_clients": 4,
      "selected_clients": [
        0,
        2
      ],
      "krum_scores": [
        [
          "27ff295b50c54a6698746d1ca178f0dd",
          183.6850050987632
        ],
        [
          "3185b25a1ac84b22b4be7ef8aee4e4b0",
          280.39929733153963
        ],
        [
          "cf0b17dfcb0742259e13878612f0e646",
          503.5711351901424
        ],
        [
          "0864c3a03d124300908a3efffaf2835f",
          586.8744211531488
        ]
      ],
      "aggregation_method": "Multi-Krum"
    },
    {
      "round": 8,
      "total_clients": 4,
      "selected_clients": [
        2,
        1
      ],
      "krum_scores": [
        [
          "27ff295b50c54a6698746d1ca178f0dd",
          185.7824890688662
        ],
        [
          "3185b25a1ac84b22b4be7ef8aee4e4b0",
          273.36350127141037
        ],
        [
          "cf0b17dfcb0742259e13878612f0e646",
          587.8730909942562
        ],
        [
          "0864c3a03d124300908a3efffaf2835f",
          652.2940747182166
        ]
      ],
      "aggregation_method": "Multi-Krum"
    },
    {
      "round": 9,
      "total_clients": 4,
      "selected_clients": [
        3,
        0
      ],
      "krum_scores": [
        [
          "27ff295b50c54a6698746d1ca178f0dd",
          133.87394656088765
        ],
        [
          "3185b25a1ac84b22b4be7ef8aee4e4b0",
          198.18402215721238
        ],
        [
          "0864c3a03d124300908a3efffaf2835f",
          470.33100225649815
        ],
        [
          "cf0b17dfcb0742259e13878612f0e646",
          602.4653604756634
        ]
      ],
      "aggregation_method": "Multi-Krum"
    },
    {
      "round": 10,
      "total_clients": 4,
      "selected_clients": [
        3,
        0
      ],
      "krum_scores": [
        [
          "27ff295b50c54a6698746d1ca178f0dd",
          156.84919403235583
        ],
        [
          "3185b25a1ac84b22b4be7ef8aee4e4b0",
          216.67784997828312
        ],
        [
          "0864c3a03d124300908a3efffaf2835f",
          490.4536302844171
        ],
        [
          "cf0b17dfcb0742259e13878612f0e646",
          684.0560495144005
        ]
      ],
      "aggregation_method": "Multi-Krum"
    }
  ],
  "client_performance_history": {
    "3185b25a1ac84b22b4be7ef8aee4e4b0": [
      0.7138158082962036,
      0.7532894611358643,
      0.7598684430122375,
      0.7894737124443054,
      0.7631579041481018,
      0.7828947305679321,
      0.8618420958518982,
      0.8552631735801697,
      0.8585526347160339,
      0.9046052694320679
    ],
    "27ff295b50c54a6698746d1ca178f0dd": [
      0.9260520339012146,
      0.9260520339012146,
      0.9260520339012146,
      0.9272683262825012,
      0.9343225359916687,
      0.944052517414093,
      0.9574312567710876,
      0.9649720191955566,
      0.9720262885093689,
      0.9756750464439392
    ],
    "cf0b17dfcb0742259e13878612f0e646": [
      0.9975961446762085,
      0.9980769157409668,
      0.9975961446762085,
      0.9990384578704834,
      0.9995192289352417,
      0.9997596144676208,
      0.9990384578704834,
      0.9987980723381042,
      0.998317301273346,
      0.9975961446762085
    ],
    "0864c3a03d124300908a3efffaf2835f": [
      0.6015208959579468,
      0.6193916201591492,
      0.6269962191581726,
      0.663878321647644,
      0.6855513453483582,
      0.6961977481842041,
      0.727756679058075,
      0.7285171151161194,
      0.7239543795585632,
      0.7387832403182983
    ]
  }
}