{
  "train_accuracy": [
    0.8291167169809341,
    0.8778042644262314,
    0.9244621396064758,
    0.9544720351696014,
    0.9576681107282639,
    0.9636422544717789,
    0.9648884832859039,
    0.9674327224493027,
    0.962716668844223,
    0.971732959151268,
    0.9618653804063797,
    0.9723698645830154,
    0.9730562120676041,
    0.9706596285104752,
    0.9685612916946411,
    0.972111850976944,
    0.9719657301902771,
    0.9760149419307709,
    0.9695163816213608,
    0.9708414971828461,
    0.973222017288208
  ],
  "test_accuracy": [
    0.5857805497944355,
    0.5956118106842041,
    0.5875056609511375,
    0.6299185231328011,
    0.6126502603292465,
    0.5999928414821625,
    0.6049081087112427,
    0.6180489286780357,
    0.6075378805398941,
    0.6056279167532921,
    0.6246156841516495,
    0.6059249490499496,
    0.6013632863759995,
    0.6079737320542336,
    0.6023871153593063,
    0.6050346717238426,
    0.5988805443048477,
    0.6137449592351913,
    0.6223626658320427,
    0.6210900098085403,
    0.6166322827339172
  ]
}