{
  "train_accuracy": [
    0.8076936155557632,
    0.8016285598278046,
    0.8197250366210938,
    0.8181465864181519,
    0.8223775178194046,
    0.8278172314167023,
    0.8297099024057388,
    0.8318966031074524,
    0.8502071350812912,
    0.8447709381580353
  ],
  "test_accuracy": [
    0.4322736170142889,
    0.43289955519139767,
    0.43217278830707073,
    0.4328043293207884,
    0.43203323148190975,
    0.43471806682646275,
    0.4349668677896261,
    0.4485114086419344,
    0.4397545475512743,
    0.4413560461252928
  ],
  "aggregation_log": [
    {
      "round": 1,
      "total_clients": 4,
      "selected_clients": [
        0,
        1
      ],
      "krum_scores": [
        [
          "30357db136864cea9b95c4eb0c5b2c7b",
          479.49190329844714
        ],
        [
          "9dfc1cb0ad2b47698608a081ec330e2b",
          510.71465688896205
        ],
        [
          "62d9c77c591e46c5b9a75f3e318a2d08",
          531.4157915198084
        ],
        [
          "3cd6105a17c94cf79967bddebc3520cf",
          538.8297207640608
        ]
      ],
      "aggregation_method": "Multi-Krum"
    },
    {
      "round": 2,
      "total_clients": 4,
      "selected_clients": [
        3,
        1
      ],
      "krum_scores": [
        [
          "3cd6105a17c94cf79967bddebc3520cf",
          40.04473546720783
        ],
        [
          "9dfc1cb0ad2b47698608a081ec330e2b",
          40.05388084994274
        ],
        [
          "62d9c77c591e46c5b9a75f3e318a2d08",
          72.9332652902661
        ],
        [
          "30357db136864cea9b95c4eb0c5b2c7b",
          135.63470440669093
        ]
      ],
      "aggregation_method": "Multi-Krum"
    },
    {
      "round": 3,
      "total_clients": 4,
      "selected_clients": [
        2,
        3
      ],
      "krum_scores": [
        [
          "3cd6105a17c94cf79967bddebc3520cf",
          32.68316806543271
        ],
        [
          "9dfc1cb0ad2b47698608a081ec330e2b",
          44.68185649139023
        ],
        [
          "62d9c77c591e46c5b9a75f3e318a2d08",
          64.70344237822702
        ],
        [
          "30357db136864cea9b95c4eb0c5b2c7b",
          111.34122216855276
        ]
      ],
      "aggregation_method": "Multi-Krum"
    },
    {
      "round": 4,
      "total_clients": 4,
      "selected_clients": [
        3,
        2
      ],
      "krum_scores": [
        [
          "3cd6105a17c94cf79967bddebc3520cf",
          33.17852149408691
        ],
        [
          "9dfc1cb0ad2b47698608a081ec330e2b",
          37.306777938765485
        ],
        [
          "62d9c77c591e46c5b9a75f3e318a2d08",
          61.24149577937463
        ],
        [
          "30357db136864cea9b95c4eb0c5b2c7b",
          106.22114399040788
        ]
      ],
      "aggregation_method": "Multi-Krum"
    },
    {
      "round": 5,
      "total_clients": 4,
      "selected_clients": [
        2,
        0
      ],
      "krum_scores": [
        [
          "3cd6105a17c94cf79967bddebc3520cf",
          32.74986522350555
        ],
        [
          "9dfc1cb0ad2b47698608a081ec330e2b",
          39.552768487380405
        ],
        [
          "62d9c77c591e46c5b9a75f3e318a2d08",
          59.27184501978695
        ],
        [
          "30357db136864cea9b95c4eb0c5b2c7b",
          95.36039253058418
        ]
      ],
      "aggregation_method": "Multi-Krum"
    },
    {
      "round": 6,
      "total_clients": 4,
      "selected_clients": [
        3,
        1
      ],
      "krum_scores": [
        [
          "3cd6105a17c94cf79967bddebc3520cf",
          31.71436544156459
        ],
        [
          "9dfc1cb0ad2b47698608a081ec330e2b",
          43.588738205761274
        ],
        [
          "62d9c77c591e46c5b9a75f3e318a2d08",
          58.271503671966364
        ],
        [
          "30357db136864cea9b95c4eb0c5b2c7b",
          100.57791293080884
        ]
      ],
      "aggregation_method": "Multi-Krum"
    },
    {
      "round": 7,
      "total_clients": 4,
      "selected_clients": [
        1,
        3
      ],
      "krum_scores": [
        [
          "3cd6105a17c94cf79967bddebc3520cf",
          38.86305191108377
        ],
        [
          "9dfc1cb0ad2b47698608a081ec330e2b",
          44.1414936488618
        ],
        [
          "62d9c77c591e46c5b9a75f3e318a2d08",
          71.12661674892888
        ],
        [
          "30357db136864cea9b95c4eb0c5b2c7b",
          112.92486712263795
        ]
      ],
      "aggregation_method": "Multi-Krum"
    },
    {
      "round": 8,
      "total_clients": 4,
      "selected_clients": [
        0,
        3
      ],
      "krum_scores": [
        [
          "3cd6105a17c94cf79967bddebc3520cf",
          39.00592845261508
        ],
        [
          "9dfc1cb0ad2b47698608a081ec330e2b",
          51.39227544164896
        ],
        [
          "62d9c77c591e46c5b9a75f3e318a2d08",
          71.90756639143535
        ],
        [
          "30357db136864cea9b95c4eb0c5b2c7b",
          120.81124989323148
        ]
      ],
      "aggregation_method": "Multi-Krum"
    },
    {
      "round": 9,
      "total_clients": 4,
      "selected_clients": [
        1,
        3
      ],
      "krum_scores": [
        [
          "3cd6105a17c94cf79967bddebc3520cf",
          39.34372910381908
        ],
        [
          "9dfc1cb0ad2b47698608a081ec330e2b",
          50.20625798967558
        ],
        [
          "62d9c77c591e46c5b9a75f3e318a2d08",
          73.85132856805977
        ],
        [
          "30357db136864cea9b95c4eb0c5b2c7b",
          114.87381193999953
        ]
      ],
      "aggregation_method": "Multi-Krum"
    },
    {
      "round": 10,
      "total_clients": 4,
      "selected_clients": [
        3,
        0
      ],
      "krum_scores": [
        [
          "3cd6105a17c94cf79967bddebc3520cf",
          47.512600960267086
        ],
        [
          "9dfc1cb0ad2b47698608a081ec330e2b",
          54.47380745292321
        ],
        [
          "62d9c77c591e46c5b9a75f3e318a2d08",
          82.69017287748599
        ],
        [
          "30357db136864cea9b95c4eb0c5b2c7b",
          142.98156824750507
        ]
      ],
      "aggregation_method": "Multi-Krum"
    }
  ],
  "client_performance_history": {
    "30357db136864cea9b95c4eb0c5b2c7b": [
      0.5813688039779663,
      0.6155893802642822,
      0.625475287437439,
      0.6323193907737732,
      0.6353611946105957,
      0.6467680335044861,
      0.6570342183113098,
      0.6627376675605774,
      0.6882129311561584,
      0.6741445064544678
    ],
    "9dfc1cb0ad2b47698608a081ec330e2b": [
      0.9975961446762085,
      0.9975961446762085,
      0.9975961446762085,
      0.9975961446762085,
      0.9980769157409668,
      0.998317301273346,
      0.9990384578704834,
      0.9992788434028625,
      0.998317301273346,
      0.9980769157409668
    ],
    "3cd6105a17c94cf79967bddebc3520cf": [
      0.9248358011245728,
      0.9255655407905579,
      0.9255655407905579,
      0.9255655407905579,
      0.9258087873458862,
      0.9260520339012146,
      0.9292142987251282,
      0.9287278056144714,
      0.9314035773277283,
      0.933836042881012
    ],
    "62d9c77c591e46c5b9a75f3e318a2d08": [
      0.7269737124443054,
      0.6677631735801697,
      0.7302631735801697,
      0.7171052694320679,
      0.7302631735801697,
      0.7401315569877625,
      0.7335526347160339,
      0.7368420958518982,
      0.7828947305679321,
      0.7730262875556946
    ]
  }
}