{
  "train_accuracy": [
    0.8024909347295761,
    0.8065098971128464,
    0.7922175228595734,
    0.7934518307447433,
    0.7926542162895203,
    0.8283278495073318,
    0.8330187797546387,
    0.8448203951120377,
    0.8566693812608719,
    0.8636460602283478,
    0.8648242652416229,
    0.8833097368478775,
    0.8824961185455322,
    0.894902303814888,
    0.8885178565979004,
    0.9033569097518921,
    0.9069126397371292,
    0.9097887426614761,
    0.9033711403608322,
    0.9136241674423218,
    0.907710611820221,
    0.9184720814228058,
    0.9255882203578949,
    0.9144552946090698,
    0.9189805090427399,
    0.921765923500061,
    0.9285062402486801,
    0.9375191330909729,
    0.934167742729187,
    0.9321096390485764,
    0.9266757518053055,
    0.9319570511579514,
    0.9318951368331909,
    0.9377467632293701,
    0.9229718148708344,
    0.9339819997549057,
    0.9302150458097458,
    0.935155838727951,
    0.9352465271949768,
    0.93448606133461,
    0.9396147578954697,
    0.93110591173172,
    0.937718003988266,
    0.9348375201225281,
    0.9268371015787125,
    0.9298126250505447,
    0.9329451322555542,
    0.9247557073831558,
    0.9307311624288559,
    0.933442622423172
  ],
  "test_accuracy": [
    0.4322736170142889,
    0.4322736170142889,
    0.4322736170142889,
    0.4322736170142889,
    0.5629046559333801,
    0.5868607982993126,
    0.5809363648295403,
    0.5859575495123863,
    0.5752882808446884,
    0.5791934877634048,
    0.5585529506206512,
    0.5759023725986481,
    0.5856486186385155,
    0.5960936918854713,
    0.5921936631202698,
    0.5897276252508163,
    0.5978760495781898,
    0.5938146859407425,
    0.5894094184041023,
    0.5939252972602844,
    0.591245673596859,
    0.5865751355886459,
    0.5797515884041786,
    0.5813789069652557,
    0.5945452451705933,
    0.5860472172498703,
    0.5845978036522865,
    0.5979464277625084,
    0.5996278375387192,
    0.5778511613607407,
    0.5857621431350708,
    0.5936943888664246,
    0.5893458425998688,
    0.5885350629687309,
    0.5826221778988838,
    0.5897195935249329,
    0.5970416441559792,
    0.5932731628417969,
    0.5932429879903793,
    0.586768351495266,
    0.5876964330673218,
    0.594216875731945,
    0.590222030878067,
    0.5953249782323837,
    0.5846733897924423,
    0.5906587392091751,
    0.5947324633598328,
    0.603561520576477,
    0.5811877995729446,
    0.5941291749477386
  ]
}