{
  "train_accuracy": [
    0.8135415613651276,
    0.8337074667215347,
    0.8405847251415253,
    0.8448269069194794,
    0.853227362036705,
    0.8680349439382553,
    0.8654917776584625,
    0.8965528756380081,
    0.9036810398101807,
    0.8981405347585678,
    0.9074829518795013,
    0.9104205965995789,
    0.9005104750394821,
    0.895852655172348,
    0.8994714021682739,
    0.891432374715805,
    0.8955000936985016,
    0.9050006121397018,
    0.90094955265522,
    0.9013574719429016,
    0.8899459540843964,
    0.9045970737934113,
    0.8963095545768738,
    0.8897495120763779,
    0.8927858620882034
  ],
  "test_accuracy": [
    0.555746778845787,
    0.4322736170142889,
    0.4322736170142889,
    0.4341458138078451,
    0.4341211188584566,
    0.43837655149400234,
    0.5773752178065479,
    0.5880499463528395,
    0.5939993914216757,
    0.5857176352292299,
    0.5930990185588598,
    0.5830739233642817,
    0.5780077283270657,
    0.5805068043991923,
    0.5895031709223986,
    0.5930359195917845,
    0.584292171522975,
    0.5805146498605609,
    0.5810981169342995,
    0.5864206720143557,
    0.5878642965108156,
    0.5747553845867515,
    0.57441416522488,
    0.5835696579888463,
    0.5766494264826179
  ],
  "aggregation_log": [
    {
      "round": 1,
      "total_clients": 4,
      "selected_clients": [
        3,
        0
      ],
      "krum_scores": [
        [
          "599c0f5454694291b385d5a39aab5937",
          2598.663429765613
        ],
        [
          "03c967f3eb114fd69e08f3fc2870849c",
          2680.556861446894
        ],
        [
          "f6112b4c8f564f39837c587dcfa3218e",
          2907.5844453211903
        ],
        [
          "39ab66a3efea4aa3a4fb40d174871b83",
          3562.4338538524607
        ]
      ],
      "aggregation_method": "Multi-Krum"
    },
    {
      "round": 2,
      "total_clients": 4,
      "selected_clients": [
        2,
        0
      ],
      "krum_scores": [
        [
          "f6112b4c8f564f39837c587dcfa3218e",
          211.1609285382907
        ],
        [
          "39ab66a3efea4aa3a4fb40d174871b83",
          300.21560734376106
        ],
        [
          "599c0f5454694291b385d5a39aab5937",
          342.1441872845471
        ],
        [
          "03c967f3eb114fd69e08f3fc2870849c",
          653.4087262533687
        ]
      ],
      "aggregation_method": "Multi-Krum"
    },
    {
      "round": 3,
      "total_clients": 4,
      "selected_clients": [
        0,
        3
      ],
      "krum_scores": [
        [
          "f6112b4c8f564f39837c587dcfa3218e",
          211.30424064305262
        ],
        [
          "39ab66a3efea4aa3a4fb40d174871b83",
          215.9944807264503
        ],
        [
          "599c0f5454694291b385d5a39aab5937",
          325.08446717276735
        ],
        [
          "03c967f3eb114fd69e08f3fc2870849c",
          623.2708626078444
        ]
      ],
      "aggregation_method": "Multi-Krum"
    },
    {
      "round": 4,
      "total_clients": 4,
      "selected_clients": [
        3,
        2
      ],
      "krum_scores": [
        [
          "f6112b4c8f564f39837c587dcfa3218e",
          244.37069740187036
        ],
        [
          "39ab66a3efea4aa3a4fb40d174871b83",
          286.2332177690536
        ],
        [
          "599c0f5454694291b385d5a39aab5937",
          402.1769961328932
        ],
        [
          "03c967f3eb114fd69e08f3fc2870849c",
          755.0597995402177
        ]
      ],
      "aggregation_method": "Multi-Krum"
    },
    {
      "round": 5,
      "total_clients": 4,
      "selected_clients": [
        2,
        0
      ],
      "krum_scores": [
        [
          "f6112b4c8f564f39837c587dcfa3218e",
          188.26512942799164
        ],
        [
          "39ab66a3efea4aa3a4fb40d174871b83",
          201.1101252276687
        ],
        [
          "599c0f5454694291b385d5a39aab5937",
          316.70640250468915
        ],
        [
          "03c967f3eb114fd69e08f3fc2870849c",
          559.6344034140509
        ]
      ],
      "aggregation_method": "Multi-Krum"
    },
    {
      "round": 6,
      "total_clients": 4,
      "selected_clients": [
        0,
        2
      ],
      "krum_scores": [
        [
          "f6112b4c8f564f39837c587dcfa3218e",
          249.52606305884257
        ],
        [
          "39ab66a3efea4aa3a4fb40d174871b83",
          327.1332027314944
        ],
        [
          "599c0f5454694291b385d5a39aab5937",
          417.8042126591369
        ],
        [
          "03c967f3eb114fd69e08f3fc2870849c",
          732.7420161689727
        ]
      ],
      "aggregation_method": "Multi-Krum"
    },
    {
      "round": 7,
      "total_clients": 4,
      "selected_clients": [
        3,
        0
      ],
      "krum_scores": [
        [
          "f6112b4c8f564f39837c587dcfa3218e",
          197.2522815794964
        ],
        [
          "599c0f5454694291b385d5a39aab5937",
          337.00841146008213
        ],
        [
          "39ab66a3efea4aa3a4fb40d174871b83",
          368.9279823427205
        ],
        [
          "03c967f3eb114fd69e08f3fc2870849c",
          586.0347386521732
        ]
      ],
      "aggregation_method": "Multi-Krum"
    },
    {
      "round": 8,
      "total_clients": 4,
      "selected_clients": [
        2,
        0
      ],
      "krum_scores": [
        [
          "f6112b4c8f564f39837c587dcfa3218e",
          209.76812870338654
        ],
        [
          "599c0f5454694291b385d5a39aab5937",
          307.91428137489737
        ],
        [
          "39ab66a3efea4aa3a4fb40d174871b83",
          394.6196216332217
        ],
        [
          "03c967f3eb114fd69e08f3fc2870849c",
          668.9121657044084
        ]
      ],
      "aggregation_method": "Multi-Krum"
    },
    {
      "round": 9,
      "total_clients": 4,
      "selected_clients": [
        1,
        0
      ],
      "krum_scores": [
        [
          "f6112b4c8f564f39837c587dcfa3218e",
          148.4186858364501
        ],
        [
          "599c0f5454694291b385d5a39aab5937",
          230.95696050857842
        ],
        [
          "39ab66a3efea4aa3a4fb40d174871b83",
          438.5621811778474
        ],
        [
          "03c967f3eb114fd69e08f3fc2870849c",
          518.7949345825509
        ]
      ],
      "aggregation_method": "Multi-Krum"
    },
    {
      "round": 10,
      "total_clients": 4,
      "selected_clients": [
        1,
        3
      ],
      "krum_scores": [
        [
          "f6112b4c8f564f39837c587dcfa3218e",
          138.97532909042238
        ],
        [
          "599c0f5454694291b385d5a39aab5937",
          198.77855220150533
        ],
        [
          "39ab66a3efea4aa3a4fb40d174871b83",
          368.4324771063184
        ],
        [
          "03c967f3eb114fd69e08f3fc2870849c",
          443.59610444568636
        ]
      ],
      "aggregation_method": "Multi-Krum"
    },
    {
      "round": 11,
      "total_clients": 4,
      "selected_clients": [
        3,
        1
      ],
      "krum_scores": [
        [
          "f6112b4c8f564f39837c587dcfa3218e",
          149.33435357112904
        ],
        [
          "599c0f5454694291b385d5a39aab5937",
          200.6645213710095
        ],
        [
          "39ab66a3efea4aa3a4fb40d174871b83",
          314.8316497808555
        ],
        [
          "03c967f3eb114fd69e08f3fc2870849c",
          539.9724708289507
        ]
      ],
      "aggregation_method": "Multi-Krum"
    },
    {
      "round": 12,
      "total_clients": 4,
      "selected_clients": [
        2,
        0
      ],