{
  "train_accuracy": [
    0.8107918500900269,
    0.8330464512109756,
    0.8352353274822235,
    0.8476230800151825,
    0.8549906313419342
  ],
  "test_accuracy": [
    0.5306340306997299,
    0.4322736170142889,
    0.4322736170142889,
    0.43203323148190975,
    0.4353786129504442
  ],
  "aggregation_log": [
    {
      "round": 1,
      "total_clients": 4,
      "selected_clients": [
        1,
        0
      ],
      "krum_scores": [
        [
          "8e4165820d5d481f97095e864346c20b",
          2310.8228320675116
        ],
        [
          "53920d1b16d544f199743b8b4ac98c07",
          2533.4713499046775
        ],
        [
          "ea32fc742aa74f098b1dfaf22d8bbb77",
          2579.458993042732
        ],
        [
          "f7298a163e5a4474a1536f3c3db7703c",
          3034.7902352831006
        ]
      ],
      "aggregation_method": "Multi-Krum"
    },
    {
      "round": 2,
      "total_clients": 4,
      "selected_clients": [
        0,
        3
      ],
      "krum_scores": [
        [
          "ea32fc742aa74f098b1dfaf22d8bbb77",
          195.55921297047755
        ],
        [
          "f7298a163e5a4474a1536f3c3db7703c",
          200.67343153107504
        ],
        [
          "8e4165820d5d481f97095e864346c20b",
          328.65081937097057
        ],
        [
          "53920d1b16d544f199743b8b4ac98c07",
          545.5733106856806
        ]
      ],
      "aggregation_method": "Multi-Krum"
    },
    {
      "round": 3,
      "total_clients": 4,
      "selected_clients": [
        1,
        2
      ],
      "krum_scores": [
        [
          "ea32fc742aa74f098b1dfaf22d8bbb77",
          192.7170621432295
        ],
        [
          "f7298a163e5a4474a1536f3c3db7703c",
          254.0353504446175
        ],
        [
          "8e4165820d5d481f97095e864346c20b",
          331.3839871115549
        ],
        [
          "53920d1b16d544f199743b8b4ac98c07",
          685.0467257663987
        ]
      ],
      "aggregation_method": "Multi-Krum"
    },
    {
      "round": 4,
      "total_clients": 4,
      "selected_clients": [
        3,
        2
      ],
      "krum_scores": [
        [
          "f7298a163e5a4474a1536f3c3db7703c",
          228.20520192087315
        ],
        [
          "ea32fc742aa74f098b1dfaf22d8bbb77",
          295.7688027367054
        ],
        [
          "8e4165820d5d481f97095e864346c20b",
          415.08191674807654
        ],
        [
          "53920d1b16d544f199743b8b4ac98c07",
          704.332124690473
        ]
      ],
      "aggregation_method": "Multi-Krum"
    },
    {
      "round": 5,
      "total_clients": 4,
      "selected_clients": [
        2,
        3
      ],
      "krum_scores": [
        [
          "f7298a163e5a4474a1536f3c3db7703c",
          225.93815319700698
        ],
        [
          "ea32fc742aa74f098b1dfaf22d8bbb77",
          234.3993524006179
        ],
        [
          "8e4165820d5d481f97095e864346c20b",
          344.0444430688627
        ],
        [
          "53920d1b16d544f199743b8b4ac98c07",
          632.6108489959156
        ]
      ],
      "aggregation_method": "Multi-Krum"
    }
  ],
  "client_performance_history": {
    "53920d1b16d544f199743b8b4ac98c07": [
      0.6057034134864807,
      0.6486691832542419,
      0.670342206954956,
      0.6984791159629822,
      0.6889733672142029
    ],
    "8e4165820d5d481f97095e864346c20b": [
      0.7138158082962036,
      0.7598684430122375,
      0.7467105388641357,
      0.7598684430122375,
      0.7927631735801697
    ],
    "f7298a163e5a4474a1536f3c3db7703c": [
      0.9260520339012146,
      0.9260520339012146,
      0.9260520339012146,
      0.9331063032150269,
      0.9391875267028809
    ],
    "ea32fc742aa74f098b1dfaf22d8bbb77": [
      0.9975961446762085,
      0.9975961446762085,
      0.9978365302085876,
      0.9990384578704834,
      0.9990384578704834
    ]
  }
}