{
  "timestamp": "20250904_162454",
  "dataset_info": {
    "samples": 20000,
    "features": 50
  },
  "performance_summary": {
    "avg_accuracy": 0.819111111111111,
    "std_accuracy": 0.07857295893972183,
    "best_model": "SVM",
    "best_accuracy": 0.8978333333333334,
    "is_realistic": "True"
  },
  "complexity": {
    "cv_mean": 0.7061999999999999,
    "cv_std": 0.010331263233506326,
    "max_feature_correlation": 0.5595005348076388,
    "separability_assessment": "LOW"
  },
  "individual_results": {
    "Enhanced_CNN": null,
    "RandomForest": {
      "accuracy": 0.8476666666666667,
      "precision": 0.8476723914821176,
      "recall": 0.8476666666666667,
      "f1": 0.8476671744464755,
      "roc_auc": 0.9050450011605712
    },
    "LogisticRegression": {
      "accuracy": 0.7118333333333333,
      "precision": 0.7119239235610386,
      "recall": 0.7118333333333333,
      "f1": 0.7118188044910582,
      "roc_auc": 0.7753102013927077
    },
    "SVM": {
      "accuracy": 0.8978333333333334,
      "precision": 0.897848231059591,
      "recall": 0.8978333333333334,
      "f1": 0.8978335745603526,
      "roc_auc": 0.9341768372663678
    }
  }
}