{
  "accuracy": 0.7574027827327863,
  "precision": 0.7571428571428571,
  "recall": 0.7571428571428571,
  "f1": 0.7571428571428571,
  "roc_auc": 0.8409433866205072,
  "confusion_matrix": [
    [
      1063,
      340
    ],
    [
      340,
      1060
    ]
  ]
}